Number,Count
1,43
2,39
3,44
4,42
5,42
6,43
7,42
8,41
9,40
10,39
11,40
12,41
13,42
14,41
15,41
16,41
17,40
18,40
19,39
20,39
21,40
22,40
23,40
24,40
25,40
26,40
27,40
28,43
29,41
30,41
31,40
32,39
33,41
34,41
35,40
36,40
37,40
38,40
39,39
40,39
41,38
42,38
43,38
44,38
45,37
46,38
47,36
48,36
49,38
50,37
51,38
52,39
53,39
54,37
55,38
56,38
57,38
58,36
59,35
60,35
61,36
62,36
63,37
64,37
65,38
66,38
67,39
68,38
69,39
70,36
71,36
72,36
73,37
74,37
75,37
76,38
77,37
78,36
79,36
80,36
81,36
82,36
83,36
84,37
85,36
86,36
87,36
88,36
89,36
90,36
91,37
92,37
93,37
94,37
95,37
96,36
97,39
98,39
99,39
100,39
101,37
102,37
103,37
104,36
105,36
106,36
107,37
108,37
109,37
110,37
111,37
112,37
113,38
114,38
115,38
116,38
117,38
118,39
119,38
120,39
121,40
122,40
123,41
124,42
125,42
126,40
127,39
128,39
129,36
130,37
131,38
132,37
133,39
134,38
135,37
136,38
137,39
138,39
139,39
140,39
141,39
142,38
143,39
144,39
145,38
146,38
147,38
148,38
149,38
150,38
151,40
152,39
153,38
154,39
155,40
156,39
157,40
158,41
159,42
160,41
161,40
162,40
163,39
164,39
165,39
166,39
167,38
168,38
169,38
170,39
171,40
172,41
173,41
174,42
175,41
176,40
177,41
178,41
179,40
180,40
181,40
182,40
183,41
184,40
185,40
186,41
187,41
188,41
189,40
190,40
191,40
192,40
193,41
194,40
195,41
196,40
197,40
198,40
199,39
200,40
201,41
202,38
203,40
204,40
205,43
206,42
207,43
208,42
209,43
210,43
211,40
212,41
213,40
214,39
215,39
216,39
217,41
218,42
219,42
220,42
221,43
222,41
223,42
224,42
225,41
226,42
227,41
228,41
229,42
230,40
231,40
232,39
233,39
234,39
235,40
236,40
237,39
238,37
239,38
240,38
241,40
242,41
243,41
244,42
245,43
246,44
247,44
248,42
249,42
250,41
251,42
252,42
253,44
254,44
255,45
256,44
257,45
258,44
259,44
260,43
261,42
262,42
263,42
264,42
265,43
266,43
267,44
268,45
269,46
270,44
271,42
272,43
273,41
274,41
275,40
276,40
277,42
278,44
279,43
280,44
281,45
282,45
283,44
284,43
285,42
286,43
287,43
288,43
289,44
290,42
291,42
292,42
293,41
294,41
295,40
296,41
297,41
298,42
299,42
300,42
301,42
302,43
303,45
304,45
305,45
306,43
307,42
308,41
309,41
310,42
311,43
312,43
313,45
314,46
315,46
316,46
317,45
318,45
319,44
320,44
321,44
322,44
323,44
324,45
325,46
326,48
327,46
328,46
329,46
330,45
331,46
332,46
333,47
334,47
335,46
336,46
337,50
338,49
339,48
340,46
341,46
342,46
343,46
344,46
345,46
346,46
347,46
348,47
349,47
350,48
351,48
352,47
353,46
354,48
355,49
356,48
357,48
358,47
359,47
360,47
361,47
362,48
363,48
364,47
365,47
366,47
367,47
368,48
369,48
370,48
371,48
372,48
373,47
374,49
375,49
376,47
377,46
378,46
379,46
380,46
381,48
382,47
383,47
384,47
385,47
386,48
387,46
388,46
389,47
390,47
391,47
392,49
393,49
394,49
395,47
396,46
397,45
398,46
399,45
400,46
401,44
402,45
403,45
404,44
405,46
406,45
407,47
408,45
409,46
410,47
411,46
412,46
413,46
414,46
415,45
416,46
417,47
418,47
419,45
420,44
421,47
422,50
423,48
424,47
425,47
426,48
427,48
428,48
429,47
430,45
431,46
432,46
433,47
434,49
435,46
436,48
437,48
438,49
439,49
440,50
441,50
442,51
443,51
444,50
445,51
446,51
447,49
448,49
449,49
450,49
451,48
452,48
453,47
454,48
455,48
456,46
457,49
458,48
459,48
460,46
461,48
462,47
463,48
464,45
465,45
466,46
467,45
468,45
469,45
470,44
471,45
472,43
473,43
474,43
475,42
476,42
477,42
478,43
479,42
480,42
481,42
482,45
483,44
484,44
485,44
486,44
487,46
488,46
489,45
490,44
491,44
492,43
493,45
494,46
495,46
496,46
497,45
498,46
499,46
500,45
501,43
502,43
503,43
504,42
505,44
506,43
507,43
508,42
509,41
510,41
511,40
512,41
513,41
514,41
515,39
516,39
517,39
518,38
519,38
520,40
521,39
522,40
523,40
524,41
525,40
526,40
527,39
528,40
529,44
530,43
531,42
532,42
533,42
534,43
535,44
536,44
537,41
538,44
539,45
540,44
541,45
542,44
543,43
544,45
545,44
546,44
547,42
548,42
549,42
550,41
551,42
552,43
553,42
554,44
555,43
556,42
557,42
558,43
559,43
560,45
561,43
562,43
563,43
564,43
565,43
566,42
567,43
568,43
569,42
570,42
571,41
572,41
573,42
574,41
575,41
576,40
577,40
578,42
579,42
580,42
581,43
582,42
583,42
584,43
585,43
586,43
587,42
588,42
589,43
590,43
591,42
592,41
593,42
594,43
595,41
596,42
597,43
598,42
599,43
600,42
601,43
602,41
603,43
604,41
605,40
606,41
607,41
608,42
609,42
610,40
611,40
612,41
613,43
614,43
615,43
616,45
617,44
618,43
619,42
620,43
621,44
622,42
623,42
624,43
625,44
626,46
627,45
628,47
629,47
630,45
631,43
632,42
633,43
634,43
635,43
636,41
637,40
638,41
639,42
640,44
641,43
642,43
643,42
644,44
645,43
646,41
647,41
648,41
649,43
650,45
651,41
652,39
653,40
654,41
655,39
656,39
657,38
658,37
659,37
660,37
661,38
662,38
663,38
664,38
665,38
666,38
667,39
668,39
669,39
670,38
671,38
672,38
673,39
674,38
675,37
676,38
677,36
678,36
679,37
680,36
681,37
682,36
683,37
684,38
685,39
686,39
687,39
688,39
689,39
690,40
691,39
692,39
693,38
694,37
695,37
696,37
697,40
698,39
699,39
700,40
701,41
702,40
703,40
704,40
705,40
706,39
707,40
708,40
709,40
710,39
711,38
712,37
713,37
714,37
715,38
716,38
717,39
718,39
719,39
720,39
721,41
722,41
723,40
724,40
725,39
726,40
727,40
728,40
729,40
730,39
731,39
732,39
733,40
734,41
735,41
736,42
737,41
738,39
739,39
740,36
741,37
742,38
743,38
744,38
745,38
746,37
747,37
748,35
749,34
750,36
751,36
752,35
753,35
754,35
755,35
756,35
757,33
758,32
759,32
760,31
761,31
762,31
763,32
764,32
765,32
766,33
767,34
768,35
769,37
770,38
771,37
772,37
773,38
774,38
775,38
776,38
777,38
778,37
779,36
780,36
781,39
782,40
783,40
784,40
785,40
786,40
787,39
788,37
789,37
790,38
791,38
792,38
793,39
794,41
795,41
796,41
797,41
798,40
799,40
800,40
801,41
802,41
803,41
804,42
805,42
806,40
807,40
808,40
809,39
810,38
811,37
812,38
813,38
814,39
815,39
816,40
817,41
818,40
819,40
820,39
821,38
822,38
823,38
824,37
825,37
826,38
827,37
828,37
829,39
830,40
831,40
832,39
833,39
834,40
835,41
836,40
837,41
838,39
839,40
840,39
841,41
842,41
843,42
844,43
845,43
846,43
847,43
848,41
849,41
850,40
851,40
852,39
853,41
854,43
855,43
856,43
857,43
858,41
859,39
860,39
861,40
862,40
863,39
864,40
865,41
866,42
867,42
868,42
869,42
870,45
871,46
872,45
873,43
874,42
875,43
876,43
877,45
878,44
879,45
880,45
881,45
882,45
883,45
884,45
885,45
886,45
887,45
888,44
889,47
890,48
891,46
892,45
893,45
894,46
895,46
896,46
897,45
898,44
899,44
900,44
901,46
902,44
903,44
904,44
905,44
906,44
907,43
908,44
909,44
910,44
911,44
912,43
913,45
914,45
915,45
916,43
917,43
918,42
919,42
920,42
921,41
922,41
923,41
924,40
925,41
926,42
927,40
928,40
929,40
930,38
931,37
932,38
933,38
934,38
935,39
936,40
937,44
938,44
939,43
940,41
941,41
942,41
943,41
944,42
945,42
946,41
947,40
948,41
949,41
950,43
951,43
952,43
953,43
954,42
955,41
956,42
957,42
958,41
959,41
960,41
961,44
962,45
963,44
964,43
965,43
966,42
967,42
968,42
969,41
970,41
971,40
972,40
973,42
974,40
975,38
976,38
977,37
978,37
979,39
980,41
981,41
982,39
983,39
984,40
985,43
986,42
987,41
988,40
989,41
990,41
991,41
992,43
993,42
994,44
995,44
996,43
997,47
998,49
999,48
1000,49
1001,47
1002,46
1003,48
1004,46
1005,44
1006,43
1007,43
1008,43
1009,44
1010,46
1011,46
1012,45
1013,46
1014,46
1015,46
1016,47
1017,45
1018,46
1019,46
1020,45
1021,49
1022,49
1023,47
1024,46
1025,47
1026,48
1027,48
1028,48
1029,47
1030,46
1031,45
1032,43
1033,50
1034,50
1035,49
1036,50
1037,49
1038,49
1039,48
1040,48
1041,47
1042,46
1043,46
1044,46
1045,49
1046,49
1047,49
1048,50
1049,50
1050,50
